estado,ano,turno,situacao,quantidade,proporcao
Acre,1989,1,ABSTENÇÃO,42488,0.23243269856726315
Acre,1989,1,DEMAIS,140309,0.7675673014327369
Acre,1989,2,ABSTENÇÃO,42488,0.23243269856726315
Acre,1989,2,DEMAIS,140309,0.7675673014327369
Acre,1994,1,ABSTENÇÃO,56769,0.21571883478617734
Acre,1994,1,DEMAIS,206393,0.7842811652138226
Acre,1998,1,ABSTENÇÃO,79357,0.24880312269755922
Acre,1998,1,DEMAIS,239598,0.7511968773024408
Acre,2002,1,ABSTENÇÃO,79355,0.21459709129063836
Acre,2002,1,DEMAIS,290431,0.7854029087093616
Acre,2002,2,ABSTENÇÃO,125550,0.33952069575376026
Acre,2002,2,DEMAIS,244236,0.6604793042462397
Acre,2006,1,ABSTENÇÃO,78422,0.09497868423602364
Acre,2006,1,DEMAIS,747258,0.9050213157639764
Acre,2006,2,ABSTENÇÃO,114177,0.13828238542776863
Acre,2006,2,DEMAIS,711503,0.8617176145722314
Acre,2010,1,ABSTENÇÃO,106975,0.22734276211626944
Acre,2010,1,DEMAIS,363570,0.7726572378837305
Acre,2010,2,ABSTENÇÃO,134317,0.2856592939174819
Acre,2010,2,DEMAIS,335883,0.7143407060825181
Acre,2014,1,ABSTENÇÃO,87748,0.17323698965490011
Acre,2014,1,DEMAIS,418772,0.8267630103450999
Acre,2014,2,ABSTENÇÃO,112365,0.22183636643620613
Acre,2014,2,DEMAIS,394157,0.7781636335637939
Alagoas,1989,1,ABSTENÇÃO,242994,0.2006892980408772
Alagoas,1989,1,DEMAIS,967803,0.7993107019591228
Alagoas,1989,2,ABSTENÇÃO,242994,0.2006892980408772
Alagoas,1989,2,DEMAIS,967803,0.7993107019591228
Alagoas,1994,1,ABSTENÇÃO,177923,0.15378093155515604
Alagoas,1994,1,DEMAIS,979067,0.846219068444844
Alagoas,1998,1,ABSTENÇÃO,390465,0.28220945359930616
Alagoas,1998,1,DEMAIS,993135,0.7177905464006938
Alagoas,2002,1,ABSTENÇÃO,338597,0.21161095736995122
Alagoas,2002,1,DEMAIS,1261495,0.7883890426300487
Alagoas,2002,2,ABSTENÇÃO,438218,0.27387050244610933
Alagoas,2002,2,DEMAIS,1161874,0.7261294975538907
Alagoas,2006,1,ABSTENÇÃO,345737,0.09296569430170794
Alagoas,2006,1,DEMAIS,3373237,0.907034305698292
Alagoas,2006,2,ABSTENÇÃO,455444,0.12246495942160392
Alagoas,2006,2,DEMAIS,3263530,0.877535040578396
Alagoas,2010,1,ABSTENÇÃO,449639,0.2211176587165961
Alagoas,2010,1,DEMAIS,1583844,0.778882341283404
Alagoas,2010,2,ABSTENÇÃO,536872,0.2640114324043357
Alagoas,2010,2,DEMAIS,1496646,0.7359885675956642
Alagoas,2014,1,ABSTENÇÃO,382657,0.1917933110894252
Alagoas,2014,1,DEMAIS,1612496,0.8082066889105748
Alagoas,2014,2,ABSTENÇÃO,391592,0.1962689099384968
Alagoas,2014,2,DEMAIS,1603589,0.8037310900615032
Amapá,1989,1,ABSTENÇÃO,26207,0.22182252166847238
Amapá,1989,1,DEMAIS,91937,0.7781774783315276
Amapá,1989,2,ABSTENÇÃO,26207,0.22182252166847238
Amapá,1989,2,DEMAIS,91937,0.7781774783315276
Amapá,1994,1,ABSTENÇÃO,54545,0.27663804514862733
Amapá,1994,1,DEMAIS,142626,0.7233619548513727
Amapá,1998,1,ABSTENÇÃO,28941,0.13568913539844998
Amapá,1998,1,DEMAIS,184348,0.86431086460155
Amapá,2002,1,ABSTENÇÃO,42259,0.14566995632555557
Amapá,2002,1,DEMAIS,247842,0.8543300436744444
Amapá,2002,2,ABSTENÇÃO,52281,0.18021654527216383
Amapá,2002,2,DEMAIS,237820,0.8197834547278362
Amapá,2006,1,ABSTENÇÃO,51487,0.07138796608007454
Amapá,2006,1,DEMAIS,669741,0.9286120339199254
Amapá,2006,2,ABSTENÇÃO,81020,0.1123361821781739
Amapá,2006,2,DEMAIS,640208,0.8876638178218261
Amapá,2010,1,ABSTENÇÃO,62539,0.14878512410457473
Amapá,2010,1,DEMAIS,357792,0.8512148758954253
Amapá,2010,2,ABSTENÇÃO,81796,0.19459068535907068
Amapá,2010,2,DEMAIS,338553,0.8054093146409294
Amapá,2014,1,ABSTENÇÃO,47522,0.10435955095658896
Amapá,2014,1,DEMAIS,407846,0.895640449043411
Amapá,2014,2,ABSTENÇÃO,66288,0.14557017620913196
Amapá,2014,2,DEMAIS,389080,0.8544298237908681
Amazonas,1989,1,ABSTENÇÃO,215431,0.2558310760340726
Amazonas,1989,1,DEMAIS,626652,0.7441689239659274
Amazonas,1989,2,ABSTENÇÃO,215431,0.2558310760340726
Amazonas,1989,2,DEMAIS,626652,0.7441689239659274
Amazonas,1994,1,ABSTENÇÃO,306465,0.2770916251810569
Amazonas,1994,1,DEMAIS,799541,0.7229083748189431
Amazonas,1998,1,ABSTENÇÃO,398436,0.29123650302174425
Amazonas,1998,1,DEMAIS,969648,0.7087634969782557
Amazonas,2002,1,ABSTENÇÃO,332419,0.21801870105271304
Amazonas,2002,1,DEMAIS,1192308,0.781981298947287
Amazonas,2002,2,ABSTENÇÃO,453174,0.29728843224491885
Amazonas,2002,2,DEMAIS,1071184,0.7027115677550811
Amazonas,2006,1,ABSTENÇÃO,316270,0.08877599884577447
Amazonas,2006,1,DEMAIS,3246292,0.9112240011542255
Amazonas,2006,2,ABSTENÇÃO,411421,0.11548231756746136
Amazonas,2006,2,DEMAIS,3151211,0.8845176824325386
Amazonas,2010,1,ABSTENÇÃO,406174,0.20027098961502315
Amazonas,2010,1,DEMAIS,1621948,0.7997290103849768
Amazonas,2010,2,ABSTENÇÃO,543726,0.2680778744516795
Amazonas,2010,2,DEMAIS,1484513,0.7319221255483205
Amazonas,2014,1,ABSTENÇÃO,433813,0.19491694486504946
Amazonas,2014,1,DEMAIS,1791817,0.8050830551349506
Amazonas,2014,2,ABSTENÇÃO,503405,0.22617919558465213
Amazonas,2014,2,DEMAIS,1722286,0.7738208044153478
Bahia,1989,1,ABSTENÇÃO,1182664,0.20066031418114544
Bahia,1989,1,DEMAIS,4711197,0.7993396858188546
Bahia,1989,2,ABSTENÇÃO,1182664,0.20066031418114544
Bahia,1989,2,DEMAIS,4711197,0.7993396858188546
Bahia,1994,1,ABSTENÇÃO,1875244,0.26668718350127935
Bahia,1994,1,DEMAIS,5156380,0.7333128164987206
Bahia,1998,1,ABSTENÇÃO,2525806,0.3184232727551452
Bahia,1998,1,DEMAIS,5406422,0.6815767272448547
Bahia,2002,1,ABSTENÇÃO,2168773,0.2531222554398095
Bahia,2002,1,DEMAIS,6399312,0.7468777445601905
Bahia,2002,2,ABSTENÇÃO,2526746,0.2948842763381938
Bahia,2002,2,DEMAIS,6041856,0.7051157236618062
Bahia,2006,1,ABSTENÇÃO,1884249,0.10342386555883826
Bahia,2006,1,DEMAIS,16334457,0.8965761344411617
Bahia,2006,2,ABSTENÇÃO,2121792,0.11646227783685625
Bahia,2006,2,DEMAIS,16096914,0.8835377221631437
Bahia,2010,1,ABSTENÇÃO,2057633,0.2155860922378517
Bahia,2010,1,DEMAIS,7486735,0.7844139077621484
Bahia,2010,2,ABSTENÇÃO,2369486,0.24825172444031976
Bahia,2010,2,DEMAIS,7175205,0.7517482755596803
Bahia,2014,1,ABSTENÇÃO,2360558,0.23189582086942342
Bahia,2014,1,DEMAIS,7818832,0.7681041791305766
Bahia,2014,2,ABSTENÇÃO,2525443,0.24808758028154818
Bahia,2014,2,DEMAIS,7654200,0.7519124197184518
C. OESTE,1994,1,ABSTENÇÃO,1203442,0.19649829208874608
C. OESTE,1994,1,DEMAIS,4920998,0.803501707911254
C. OESTE,1998,1,ABSTENÇÃO,1503365,0.21506706159967898
C. OESTE,1998,1,DEMAIS,5486850,0.784932938400321
Ceará,1989,1,ABSTENÇÃO,540435,0.1612465785059461
Ceará,1989,1,DEMAIS,2811171,0.8387534214940539
Ceará,1989,2,ABSTENÇÃO,540435,0.1612465785059461
Ceará,1989,2,DEMAIS,2811171,0.8387534214940539
Ceará,1994,1,ABSTENÇÃO,881748,0.22007755832786102
Ceará,1994,1,DEMAIS,3124785,0.779922441672139
Ceará,1998,1,ABSTENÇÃO,1001071,0.23270276364329498
Ceará,1998,1,DEMAIS,3300859,0.767297236356705
Ceará,2002,1,ABSTENÇÃO,945124,0.19668533995774212
Ceará,2002,1,DEMAIS,3860135,0.8033146600422578
Ceará,2002,2,ABSTENÇÃO,1106026,0.23016990343288468
Ceará,2002,2,DEMAIS,3699233,0.7698300965671153
Ceará,2006,1,ABSTENÇÃO,932013,0.08691587425425448
Ceará,2006,1,DEMAIS,9791149,0.9130841257457455
Ceará,2006,2,ABSTENÇÃO,1076504,0.10039053779099859
Ceará,2006,2,DEMAIS,9646658,0.8996094622090014
Ceará,2010,1,ABSTENÇÃO,1178631,0.20051340015576552
Ceará,2010,1,DEMAIS,4699435,0.7994865998442345
Ceará,2010,2,ABSTENÇÃO,1358604,0.23112616940719188
Ceará,2010,2,DEMAIS,4519588,0.7688738305928081
Ceará,2014,1,ABSTENÇÃO,1261344,0.20120630240445347
Ceará,2014,1,DEMAIS,5007565,0.7987936975955465
Ceará,2014,2,ABSTENÇÃO,1363558,0.217506771773719
Ceará,2014,2,DEMAIS,4905479,0.782493228226281
Distrito Federal,2006,1,ABSTENÇÃO,229750,0.069408779190961
Distrito Federal,2006,1,DEMAIS,3080350,0.930591220809039
Distrito Federal,2006,2,ABSTENÇÃO,259284,0.07833116824265128
Distrito Federal,2006,2,DEMAIS,3050816,0.9216688317573487
Distrito Federal,2010,1,ABSTENÇÃO,283177,0.15440891805738677
Distrito Federal,2010,1,DEMAIS,1550765,0.8455910819426132
Distrito Federal,2010,2,ABSTENÇÃO,354146,0.193086114162807
Distrito Federal,2010,2,DEMAIS,1479989,0.806913885837193
Distrito Federal,2014,1,ABSTENÇÃO,221189,0.11667951154641275
Distrito Federal,2014,1,DEMAIS,1674508,0.8833204884535872
Distrito Federal,2014,2,ABSTENÇÃO,239633,0.1263891130457164
Distrito Federal,2014,2,DEMAIS,1656361,0.8736108869542836
Distrito Federal,1989,1,ABSTENÇÃO,74579,0.0869898405514796
Distrito Federal,1989,1,DEMAIS,782751,0.9130101594485204
Distrito Federal,1989,2,ABSTENÇÃO,74579,0.0869898405514796
Distrito Federal,1989,2,DEMAIS,782751,0.9130101594485204
Distrito Federal,1994,1,ABSTENÇÃO,147069,0.13845084994356302
Distrito Federal,1994,1,DEMAIS,915178,0.861549150056437
Distrito Federal,1998,1,ABSTENÇÃO,196417,0.154912159630893
Distrito Federal,1998,1,DEMAIS,1071508,0.845087840369107
Distrito Federal,2002,1,ABSTENÇÃO,234334,0.15448033446765086
Distrito Federal,2002,1,DEMAIS,1282584,0.8455196655323491
Distrito Federal,2002,2,ABSTENÇÃO,207722,0.1367998804033358
Distrito Federal,2002,2,DEMAIS,1310715,0.8632001195966642
Espirito Santo,2006,1,ABSTENÇÃO,393284,0.08417414590693252
Espirito Santo,2006,1,DEMAIS,4278982,0.9158258540930675
Espirito Santo,2006,2,ABSTENÇÃO,451699,0.09667664469445875
Espirito Santo,2006,2,DEMAIS,4220567,0.9033233553055412
Espirito Santo,2010,1,ABSTENÇÃO,438946,0.17404740936823326
Espirito Santo,2010,1,DEMAIS,2083045,0.8259525906317667
Espirito Santo,2010,2,ABSTENÇÃO,527745,0.20925056858011984
Espirito Santo,2010,2,DEMAIS,1994327,0.7907494314198802
Espirito Santo,2014,1,ABSTENÇÃO,501374,0.1890820747007208
Espirito Santo,2014,1,DEMAIS,2150247,0.8109179252992792
Espirito Santo,2014,2,ABSTENÇÃO,575959,0.21720171480893186
Espirito Santo,2014,2,DEMAIS,2075765,0.7827982851910682
Espírito Santo,1989,1,ABSTENÇÃO,136287,0.09681131500491207
Espírito Santo,1989,1,DEMAIS,1271472,0.903188684995088
Espírito Santo,1989,2,ABSTENÇÃO,136287,0.09681131500491207
Espírito Santo,1989,2,DEMAIS,1271472,0.903188684995088
Espírito Santo,1994,1,ABSTENÇÃO,294919,0.1723937572812526
Espírito Santo,1994,1,DEMAIS,1415810,0.8276062427187474
Espírito Santo,1998,1,ABSTENÇÃO,418119,0.21812431007823113
Espírito Santo,1998,1,DEMAIS,1498765,0.7818756899217689
Espírito Santo,2002,2,ABSTENÇÃO,475336,0.22145474451704578
Espírito Santo,2002,2,DEMAIS,1671089,0.7785452554829542
Espírito Santo,2002,1,ABSTENÇÃO,378376,0.17628195720791548
Espírito Santo,2002,1,DEMAIS,1768049,0.8237180427920845
Goiás,1989,1,ABSTENÇÃO,304086,0.13822310809490151
Goiás,1989,1,DEMAIS,1895879,0.8617768919050985
Goiás,1989,2,ABSTENÇÃO,304086,0.13822310809490151
Goiás,1989,2,DEMAIS,1895879,0.8617768919050985
Goiás,1994,1,ABSTENÇÃO,500218,0.19077021178087614
Goiás,1994,1,DEMAIS,2121879,0.8092297882191238
Goiás,1998,1,ABSTENÇÃO,607401,0.20597321335317328
Goiás,1998,1,DEMAIS,2341531,0.7940267866468267
Goiás,2002,1,ABSTENÇÃO,573047,0.17025338042597288
Goiás,2002,1,DEMAIS,2792801,0.8297466195740271
Goiás,2002,2,ABSTENÇÃO,746746,0.2218596918220906
Goiás,2002,2,DEMAIS,2619102,0.7781403081779094
Goiás,2006,1,ABSTENÇÃO,640034,0.08569928913538027
Goiás,2006,1,DEMAIS,6828336,0.9143007108646197
Goiás,2006,2,ABSTENÇÃO,762775,0.1021340667374541
Goiás,2006,2,DEMAIS,6705595,0.8978659332625459
Goiás,2010,1,ABSTENÇÃO,729276,0.1796727793063757
Goiás,2010,1,DEMAIS,3329636,0.8203272206936243
Goiás,2010,2,ABSTENÇÃO,900924,0.22195560119319208
Goiás,2010,2,DEMAIS,3158104,0.778044398806808
Goiás,2014,1,ABSTENÇÃO,815396,0.18832038364519285
Goiás,2014,1,DEMAIS,3514438,0.8116796163548071
Goiás,2014,2,ABSTENÇÃO,932427,0.21534449039846354
Goiás,2014,2,DEMAIS,3397505,0.7846555096015365
M. G. do Sul,1989,1,ABSTENÇÃO,138741,0.13843201973195826
M. G. do Sul,1989,1,DEMAIS,863491,0.8615679802680417
M. G. do Sul,1989,2,ABSTENÇÃO,138741,0.13843201973195826
M. G. do Sul,1989,2,DEMAIS,863491,0.8615679802680417
M. G. do Sul,1994,1,ABSTENÇÃO,213895,0.1842248508682628
M. G. do Sul,1994,1,DEMAIS,947159,0.8157751491317372
M. G. do Sul,2002,1,ABSTENÇÃO,254257,0.18009765025963806
M. G. do Sul,2002,1,DEMAIS,1157516,0.8199023497403619
M. G. do Sul,2002,2,ABSTENÇÃO,292628,0.20727694891459178
M. G. do Sul,2002,2,DEMAIS,1119145,0.7927230510854082
M. G. do Sul,2006,1,ABSTENÇÃO,272233,0.0871881607577853
M. G. do Sul,2006,1,DEMAIS,2850129,0.9128118392422148
M. G. do Sul,2006,2,ABSTENÇÃO,335791,0.107543904262222
M. G. do Sul,2006,2,DEMAIS,2786571,0.892456095737778
M. G. do Sul,2010,1,ABSTENÇÃO,308448,0.18134271496702944
M. G. do Sul,2010,1,DEMAIS,1392464,0.8186572850329705
M. G. do Sul,2010,2,ABSTENÇÃO,410546,0.2413586528699061
M. G. do Sul,2010,2,DEMAIS,1290433,0.7586413471300939
M. G. do Sul,2014,1,ABSTENÇÃO,373191,0.2053308068011693
M. G. do Sul,2014,1,DEMAIS,1444320,0.7946691931988307
M. G. do Sul,2014,2,ABSTENÇÃO,420367,0.23128260232060024
M. G. do Sul,2014,2,DEMAIS,1397180,0.7687173976793997
M. G. do Sul,1998,1,ABSTENÇÃO,259790,0.206689914210041
M. G. do Sul,1998,1,DEMAIS,997117,0.793310085789959
Maranhão,1989,1,ABSTENÇÃO,678071,0.31621254346301353
Maranhão,1989,1,DEMAIS,1466281,0.6837874565369865
Maranhão,1989,2,ABSTENÇÃO,678071,0.31621254346301353
Maranhão,1989,2,DEMAIS,1466281,0.6837874565369865
Maranhão,1994,1,ABSTENÇÃO,798266,0.30521230612763794
Maranhão,1994,1,DEMAIS,1817179,0.69478769387236206
Maranhão,1998,1,ABSTENÇÃO,927689,0.3105512693519387
Maranhão,1998,1,DEMAIS,2059544,0.6894487306480612
Maranhão,2002,1,ABSTENÇÃO,812664,0.23965906567456532
Maranhão,2002,1,DEMAIS,2578253,0.7603409343254347
Maranhão,2002,2,ABSTENÇÃO,1162707,0.3428240606966242
Maranhão,2002,2,DEMAIS,2228849,0.6571759393033758
Maranhão,2006,1,ABSTENÇÃO,817081,0.10420335315338845
Maranhão,2006,1,DEMAIS,7024135,0.8957966468466115
Maranhão,2006,2,ABSTENÇÃO,947517,0.1208380179808846
Maranhão,2006,2,DEMAIS,6893699,0.8791619820191154
Maranhão,2010,1,ABSTENÇÃO,1035648,0.23969183113664577
Maranhão,2010,1,DEMAIS,3285100,0.7603081688633542
Maranhão,2010,2,ABSTENÇÃO,1275532,0.29522069247246624
Maranhão,2010,2,DEMAIS,3045073,0.7047793075275337
Maranhão,2014,1,ABSTENÇÃO,1062192,0.23625981568837492
Maranhão,2014,1,DEMAIS,3433672,0.763740184311625
Maranhão,2014,2,ABSTENÇÃO,1230596,0.2737149800607353
Maranhão,2014,2,DEMAIS,3265307,0.7262850199392648
Mato Grosso,1989,1,ABSTENÇÃO,233848,0.22748479530570873
Mato Grosso,1989,1,DEMAIS,794124,0.7725152046942912
Mato Grosso,1989,2,ABSTENÇÃO,233848,0.22748479530570873
Mato Grosso,1989,2,DEMAIS,794124,0.7725152046942912
Mato Grosso,1994,1,ABSTENÇÃO,342260,0.26759090006426683
Mato Grosso,1994,1,DEMAIS,936782,0.7324090999357331
Mato Grosso,2002,1,ABSTENÇÃO,384833,0.2224439920417197
Mato Grosso,2002,1,DEMAIS,1345189,0.7775560079582803
Mato Grosso,2002,2,ABSTENÇÃO,492985,0.28495880399208795
Mato Grosso,2002,2,DEMAIS,1237037,0.715041196007912
Mato Grosso,2006,1,ABSTENÇÃO,390654,0.10067000984399078
Mato Grosso,2006,1,DEMAIS,3489886,0.8993299901560092
Mato Grosso,2006,2,ABSTENÇÃO,468306,0.1206806269230571
Mato Grosso,2006,2,DEMAIS,3412234,0.8793193730769429
Mato Grosso,2010,1,ABSTENÇÃO,438820,0.20955744706862167
Mato Grosso,2010,1,DEMAIS,1655212,0.7904425529313783
Mato Grosso,2010,2,ABSTENÇÃO,545646,0.26056286575888027
Mato Grosso,2010,2,DEMAIS,1548459,0.7394371342411197
Mato Grosso,2014,1,ABSTENÇÃO,501407,0.22913261218955683
Mato Grosso,2014,1,DEMAIS,1686876,0.7708673878104432
Mato Grosso,2014,2,ABSTENÇÃO,556522,0.25431170390788294
Mato Grosso,2014,2,DEMAIS,1631824,0.7456882960921171
Mato Grosso,1998,1,ABSTENÇÃO,439757,0.28999090639921765
Mato Grosso,1998,1,DEMAIS,1076694,0.7100090936007823
Minas Gerais,1989,1,ABSTENÇÃO,1033718,0.10958408913800687
Minas Gerais,1989,1,DEMAIS,8399385,0.8904159108619931
Minas Gerais,1989,2,ABSTENÇÃO,1033718,0.10958408913800687
Minas Gerais,1989,2,DEMAIS,8399385,0.8904159108619931
Minas Gerais,1994,1,ABSTENÇÃO,1722478,0.16311747856646835
Minas Gerais,1994,1,DEMAIS,8837261,0.8368825214335316
Minas Gerais,1998,1,ABSTENÇÃO,2349275,0.19883526137513063
Minas Gerais,1998,1,DEMAIS,9465908,0.8011647386248694
Minas Gerais,2002,1,ABSTENÇÃO,2166502,0.17085191029056707
Minas Gerais,2002,1,DEMAIS,10514082,0.829148089709433
Minas Gerais,2002,2,ABSTENÇÃO,2474895,0.19517200469631368
Minas Gerais,2002,2,DEMAIS,10205689,0.8048279953036863
Minas Gerais,2006,1,ABSTENÇÃO,2447141,0.08944400104738848
Minas Gerais,2006,1,DEMAIS,24912335,0.9105559989526115
Minas Gerais,2006,2,ABSTENÇÃO,2683640,0.09808813589850916
Minas Gerais,2006,2,DEMAIS,24675836,0.9019118641014908
Minas Gerais,2010,1,ABSTENÇÃO,2675492,0.18433954570828281
Minas Gerais,2010,1,DEMAIS,11838442,0.8156604542917172
Minas Gerais,2010,2,ABSTENÇÃO,3045244,0.20981261479774893
Minas Gerais,2010,2,DEMAIS,11468869,0.7901873852022511
Minas Gerais,2014,1,ABSTENÇÃO,3050396,0.20020217137995158
Minas Gerais,2014,1,DEMAIS,12186182,0.7997978286200484
Minas Gerais,2014,2,ABSTENÇÃO,3225049,0.2116576784071561
Minas Gerais,2014,2,DEMAIS,12012050,0.7883423215928439
Pará,1989,1,ABSTENÇÃO,559053,0.2556428144199973
Pará,1989,1,DEMAIS,1627799,0.7443571855800026
Pará,1989,2,ABSTENÇÃO,559053,0.2556428144199973
Pará,1989,2,DEMAIS,1627799,0.7443571855800026
Pará,1994,1,ABSTENÇÃO,914818,0.3287010205412537
Pará,1994,1,DEMAIS,1868313,0.6712989794587463
Pará,1998,1,ABSTENÇÃO,1073095,0.33317881580164793
Pará,1998,1,DEMAIS,2147683,0.6668211841983521
Pará,2002,1,ABSTENÇÃO,792338,0.22199838839645447
Pará,2002,1,DEMAIS,2776778,0.7780016116035455
Pará,2002,2,ABSTENÇÃO,980481,0.2746958605431323
Pará,2002,2,DEMAIS,2588852,0.7253041394568677
Pará,2006,1,ABSTENÇÃO,824058,0.09909938945122765
Pará,2006,1,DEMAIS,7491412,0.9009006105487724
Pará,2006,2,ABSTENÇÃO,1003679,0.1207002129765365
Pará,2006,2,DEMAIS,7311791,0.8792997870234635
Pará,2010,1,ABSTENÇÃO,1008763,0.21177217701091755
Pará,2010,1,DEMAIS,3754672,0.7882278229890824
Pará,2010,2,ABSTENÇÃO,1275991,0.26786438157424336
Pará,2010,2,DEMAIS,3487580,0.7321356184257567
Pará,2014,1,ABSTENÇÃO,1094107,0.21097523115340489
Pará,2014,1,DEMAIS,4091843,0.7890247688465951
Pará,2014,2,ABSTENÇÃO,1308042,0.25222409970167936
Pará,2014,2,DEMAIS,3877989,0.7477759002983206
Paraíba,1989,1,ABSTENÇÃO,289537,0.16484525030217767
Paraíba,1989,1,DEMAIS,1466880,0.8351547496978223
Paraíba,1989,2,ABSTENÇÃO,289537,0.16484525030217767
Paraíba,1989,2,DEMAIS,1466880,0.8351547496978223
Paraíba,1994,1,ABSTENÇÃO,471857,0.22560633342672695
Paraíba,1994,1,DEMAIS,1619649,0.774393666573273
Paraíba,1998,1,ABSTENÇÃO,547654,0.2463293750300797
Paraíba,1998,1,DEMAIS,1675605,0.7536706249699203
Paraíba,2002,1,ABSTENÇÃO,416560,0.1793918179829359
Paraíba,2002,1,DEMAIS,1905508,0.8206081820170641
Paraíba,2002,2,ABSTENÇÃO,427754,0.1842125209080871
Paraíba,2002,2,DEMAIS,1894314,0.8157874790919128
Paraíba,2006,1,ABSTENÇÃO,419613,0.08151731742512723
Paraíba,2006,1,DEMAIS,4727919,0.9184826825748728
Paraíba,2006,2,ABSTENÇÃO,441170,0.08570514957459226
Paraíba,2006,2,DEMAIS,4706362,0.9142948504254077
Paraíba,2010,1,ABSTENÇÃO,506052,0.18480429373851712
Paraíba,2010,1,DEMAIS,2232261,0.8151957062614829
Paraíba,2010,2,ABSTENÇÃO,521249,0.19034877805892442
Paraíba,2010,2,DEMAIS,2217140,0.8096512219410755
Paraíba,2014,1,ABSTENÇÃO,500260,0.17647212378235785
Paraíba,2014,1,DEMAIS,2334522,0.8235278762176421
Paraíba,2014,2,ABSTENÇÃO,510208,0.17997516649734732
Paraíba,2014,2,DEMAIS,2324672,0.8200248335026527
Paraná,1989,1,ABSTENÇÃO,526531,0.10435394934146923
Paraná,1989,1,DEMAIS,4519095,0.8956460506585308
Paraná,1989,2,ABSTENÇÃO,526531,0.10435394934146923
Paraná,1989,2,DEMAIS,4519095,0.8956460506585308
Paraná,1994,1,ABSTENÇÃO,1002593,0.1744733265035465
Paraná,1994,1,DEMAIS,4743804,0.8255266734964535
Paraná,1998,1,ABSTENÇÃO,1348511,0.21122597784220756
Paraná,1998,1,DEMAIS,5035699,0.7887740221577925
Paraná,2002,1,ABSTENÇÃO,1078033,0.16178468558228923
Paraná,2002,1,DEMAIS,5585348,0.8382153144177108
Paraná,2002,2,ABSTENÇÃO,1235027,0.1853453974791476
Paraná,2002,2,DEMAIS,5428354,0.8146546025208524
Paraná,2006,1,ABSTENÇÃO,1153861,0.08101526177190348
Paraná,2006,1,DEMAIS,13088653,0.9189847382280966
Paraná,2006,2,ABSTENÇÃO,1330661,0.0934288005614739
Paraná,2006,2,DEMAIS,12911853,0.906571199438526
Paraná,2010,1,ABSTENÇÃO,1250376,0.1645664865183583
Paraná,2010,1,DEMAIS,6347623,0.8354335134816416
Paraná,2010,2,ABSTENÇÃO,1491451,0.19629174742114314
Paraná,2010,2,DEMAIS,6106683,0.8037082525788568
Paraná,2014,1,ABSTENÇÃO,1324920,0.16853977607152928
Paraná,2014,1,DEMAIS,6536251,0.8314602239284707
Paraná,2014,2,ABSTENÇÃO,1448941,0.1843081839727523
Paraná,2014,2,DEMAIS,6412571,0.8156918160272477
Pernambuco,1989,1,ABSTENÇÃO,553572,0.14706455094825038
Pernambuco,1989,1,DEMAIS,3210571,0.8529354490517497
Pernambuco,1989,2,ABSTENÇÃO,553572,0.14706455094825038
Pernambuco,1989,2,DEMAIS,3210571,0.8529354490517497
Pernambuco,1994,1,ABSTENÇÃO,943966,0.21127506407863297
Pernambuco,1994,1,DEMAIS,3523982,0.788724935921367
Pernambuco,1998,1,ABSTENÇÃO,1309413,0.25578968959387394
Pernambuco,1998,1,DEMAIS,3809687,0.7442103104061261
Pernambuco,2002,1,ABSTENÇÃO,1150439,0.2131758361225549
Pernambuco,2002,1,DEMAIS,4246228,0.7868241638774451
Pernambuco,2002,2,ABSTENÇÃO,1300819,0.2410411833822617
Pernambuco,2002,2,DEMAIS,4095848,0.7589588166177383
Pernambuco,2006,1,ABSTENÇÃO,1064542,0.09122802386900566
Pernambuco,2006,1,DEMAIS,10604482,0.9087719761309944
Pernambuco,2006,2,ABSTENÇÃO,1133388,0.09712791746764768
Pernambuco,2006,2,DEMAIS,10535636,0.9028720825323523
Pernambuco,2010,1,ABSTENÇÃO,1214277,0.19409137764331233
Pernambuco,2010,1,DEMAIS,5041936,0.8059086223566877
Pernambuco,2010,2,ABSTENÇÃO,1373943,0.21960656507017473
Pernambuco,2010,2,DEMAIS,4882441,0.7803934349298253
Pernambuco,2014,1,ABSTENÇÃO,1049479,0.1651719057662438
Pernambuco,2014,1,DEMAIS,5304380,0.8348280942337563
Pernambuco,2014,2,ABSTENÇÃO,1128804,0.1776500699471065
Pernambuco,2014,2,DEMAIS,5225283,0.8223499300528935
Piauí,1989,1,ABSTENÇÃO,259703,0.1946387645190447
Piauí,1989,1,DEMAIS,1074579,0.8053612354809553
Piauí,1989,2,ABSTENÇÃO,259703,0.1946387645190447
Piauí,1989,2,DEMAIS,1074579,0.8053612354809553
Piauí,1994,1,ABSTENÇÃO,363008,0.22254578180817222
Piauí,1994,1,DEMAIS,1268153,0.7774542181918278
Piauí,1998,1,ABSTENÇÃO,434557,0.2439755214327822
Piauí,1998,1,DEMAIS,1346593,0.7560244785672178
Piauí,2002,1,ABSTENÇÃO,291650,0.15779433119874997
Piauí,2002,1,DEMAIS,1556642,0.84220566880125
Piauí,2002,2,ABSTENÇÃO,406397,0.21987705405855784
Piauí,2002,2,DEMAIS,1441895,0.7801229459414422
Piauí,2006,1,ABSTENÇÃO,334856,0.08074640801271664
Piauí,2006,1,DEMAIS,3812152,0.9192535919872834
Piauí,2006,2,ABSTENÇÃO,424117,0.1022706008765838
Piauí,2006,2,DEMAIS,3722891,0.8977293991234162
Piauí,2010,1,ABSTENÇÃO,448538,0.19830475952998017
Piauí,2010,1,DEMAIS,1813324,0.8016952404700198
Piauí,2010,2,ABSTENÇÃO,517245,0.22867408422272828
Piauí,2010,2,DEMAIS,1744686,0.7713259157772717
Piauí,2014,1,ABSTENÇÃO,443062,0.18898124783533718
Piauí,2014,1,DEMAIS,1901414,0.8110187521646628
Piauí,2014,2,ABSTENÇÃO,498273,0.2125280176412505
Piauí,2014,2,DEMAIS,1846232,0.7874719823587495
R. G. do Norte,1989,1,ABSTENÇÃO,179334,0.13815242109933995
R. G. do Norte,1989,1,DEMAIS,1118754,0.86184757890066
R. G. do Norte,1989,2,ABSTENÇÃO,179334,0.13815242109933995
R. G. do Norte,1989,2,DEMAIS,1118754,0.86184757890066
R. G. do Norte,1994,1,ABSTENÇÃO,236988,0.1589337353599193
R. G. do Norte,1994,1,DEMAIS,1254124,0.8410662646400807
R. G. do Norte,1998,1,ABSTENÇÃO,329355,0.19049147616362297
R. G. do Norte,1998,1,DEMAIS,1399620,0.8095085238363771
R. G. do Norte,2002,1,ABSTENÇÃO,337515,0.1760290854926144
R. G. do Norte,2002,1,DEMAIS,1579867,0.8239709145073856
R. G. do Norte,2002,2,ABSTENÇÃO,396783,0.20693998379039752
R. G. do Norte,2002,2,DEMAIS,1520599,0.7930600162096024
R. G. do Norte,2006,1,ABSTENÇÃO,311232,0.07406251070845216
R. G. do Norte,2006,1,DEMAIS,3891056,0.9259374892915478
R. G. do Norte,2006,2,ABSTENÇÃO,351506,0.08364633742380341
R. G. do Norte,2006,2,DEMAIS,3850782,0.9163536625761965
R. G. do Norte,2010,1,ABSTENÇÃO,367434,0.16365932257367663
R. G. do Norte,2010,1,DEMAIS,1877681,0.8363406774263233
R. G. do Norte,2010,2,ABSTENÇÃO,483909,0.21553296091973273
R. G. do Norte,2010,2,DEMAIS,1761265,0.7844670390802673
R. G. do Norte,2014,1,ABSTENÇÃO,391478,0.16826307077804661
R. G. do Norte,2014,1,DEMAIS,1935105,0.8317369292219534
R. G. do Norte,2014,2,ABSTENÇÃO,410927,0.1766167710867815
R. G. do Norte,2014,2,DEMAIS,1915732,0.8233832289132185
R. G. do Sul,1989,1,ABSTENÇÃO,337488,0.059203632828994004
R. G. do Sul,1989,1,DEMAIS,5362973,0.940796367171006
R. G. do Sul,1989,2,ABSTENÇÃO,337488,0.059203632828994004
R. G. do Sul,1989,2,DEMAIS,5362973,0.940796367171006
R. G. do Sul,1994,1,ABSTENÇÃO,746740,0.11860506818512835
R. G. do Sul,1994,1,DEMAIS,5549281,0.8813949318148716
R. G. do Sul,1998,1,ABSTENÇÃO,1023119,0.14944602580426716
R. G. do Sul,1998,1,DEMAIS,5822958,0.8505539741957329
R. G. do Sul,2002,1,ABSTENÇÃO,955150,0.1299145731602735
R. G. do Sul,2002,1,DEMAIS,6396989,0.8700854268397266
R. G. do Sul,2002,2,ABSTENÇÃO,1073931,0.14607055171290967
R. G. do Sul,2002,2,DEMAIS,6278208,0.8539294482870903
R. G. do Sul,2006,1,ABSTENÇÃO,1073755,0.0692693052896795
R. G. do Sul,2006,1,DEMAIS,14427411,0.9307306947103205
R. G. do Sul,2006,2,ABSTENÇÃO,1197001,0.07722006202630176
R. G. do Sul,2006,2,DEMAIS,14304165,0.9227799379736983
R. G. do Sul,2010,1,ABSTENÇÃO,1204648,0.1485834808295971
R. G. do Sul,2010,1,DEMAIS,6902902,0.8514165191704028
R. G. do Sul,2010,2,ABSTENÇÃO,1436185,0.17713654222454098
R. G. do Sul,2010,2,DEMAIS,6671600,0.822863457775459
R. G. do Sul,2014,1,ABSTENÇÃO,1408386,0.1679603502778517
R. G. do Sul,2014,1,DEMAIS,6976843,0.8320396497221483
R. G. do Sul,2014,2,ABSTENÇÃO,1525358,0.18190085546080115
R. G. do Sul,2014,2,DEMAIS,6860298,0.8180991445391989
Rio de Janeiro,1989,1,ABSTENÇÃO,555543,0.0677776873602994
Rio de Janeiro,1989,1,DEMAIS,7641004,0.9322223126397006
Rio de Janeiro,1989,2,ABSTENÇÃO,555543,0.0677776873602994
Rio de Janeiro,1989,2,DEMAIS,7641004,0.9322223126397006
Rio de Janeiro,1994,1,ABSTENÇÃO,1385814,0.15179728114953786
Rio de Janeiro,1994,1,DEMAIS,7743559,0.8482027188504622
Rio de Janeiro,1998,1,ABSTENÇÃO,2018001,0.20237017678801184
Rio de Janeiro,1998,1,DEMAIS,7953829,0.7976298232119882
Rio de Janeiro,2002,1,ABSTENÇÃO,1499735,0.14683823928248818
Rio de Janeiro,2002,1,DEMAIS,8713783,0.8531617607175118
Rio de Janeiro,2002,2,ABSTENÇÃO,1730985,0.16947980118114053
Rio de Janeiro,2002,2,DEMAIS,8482533,0.8305201988188595
Rio de Janeiro ,2006,1,ABSTENÇÃO,1635603,0.07508764110927876
Rio de Janeiro ,2006,1,DEMAIS,20146983,0.9249123588907212
Rio de Janeiro ,2006,2,ABSTENÇÃO,1889377,0.08673795664114445
Rio de Janeiro ,2006,2,DEMAIS,19893209,0.9132620433588555
Rio de Janeiro ,2010,1,ABSTENÇÃO,2011597,0.17365181171440155
Rio de Janeiro ,2010,1,DEMAIS,9572486,0.8263481882855984
Rio de Janeiro ,2010,2,ABSTENÇÃO,2436258,0.21030443003909988
Rio de Janeiro ,2010,2,DEMAIS,9148177,0.7896955699609001
Rio de Janeiro ,2014,1,ABSTENÇÃO,2440581,0.20112839130728952
Rio de Janeiro ,2014,1,DEMAIS,9693862,0.7988716086927105
Rio de Janeiro ,2014,2,ABSTENÇÃO,2713771,0.22363244513105562
Rio de Janeiro ,2014,2,DEMAIS,9421190,0.7763675548689444
Rondônia,1989,1,ABSTENÇÃO,140159,0.2512796240818529
Rondônia,1989,1,DEMAIS,417622,0.7487203759181471
Rondônia,1989,2,ABSTENÇÃO,140159,0.2512796240818529
Rondônia,1989,2,DEMAIS,417622,0.7487203759181471
Rondônia,1994,1,ABSTENÇÃO,211747,0.30596315096659715
Rondônia,1994,1,DEMAIS,480320,0.6940368490334028
Rondônia,1998,1,ABSTENÇÃO,250775,0.2999058813962082
Rondônia,1998,1,DEMAIS,585404,0.7000941186037918
Rondônia,2002,1,ABSTENÇÃO,189089,0.21425423066245913
Rondônia,2002,1,DEMAIS,693456,0.7857457693375408
Rondônia,2002,2,ABSTENÇÃO,241102,0.2732681167551295
Rondônia,2002,2,DEMAIS,641189,0.7267318832448705
Rondônia,2006,1,ABSTENÇÃO,202715,0.1025230849528287
Rondônia,2006,1,DEMAIS,1774547,0.8974769150471713
Rondônia,2006,2,ABSTENÇÃO,251191,0.1270398156642873
Rondônia,2006,2,DEMAIS,1726071,0.8729601843357128
Rondônia,2010,1,ABSTENÇÃO,231997,0.21514112327374837
Rondônia,2010,1,DEMAIS,846351,0.7848588767262517
Rondônia,2010,2,ABSTENÇÃO,276450,0.2563515275379682
Rondônia,2010,2,DEMAIS,801952,0.7436484724620318
Rondônia,2014,1,ABSTENÇÃO,240573,0.21355754361732157
Rondônia,2014,1,DEMAIS,885929,0.7864424563826784
Rondônia,2014,2,ABSTENÇÃO,274325,0.24351067248269484
Rondônia,2014,2,DEMAIS,852217,0.7564893275173051
Roraima,1989,1,ABSTENÇÃO,16956,0.2322707908110848
Roraima,1989,1,DEMAIS,56045,0.7677292091889152
Roraima,1989,2,ABSTENÇÃO,16956,0.2322707908110848
Roraima,1989,2,DEMAIS,56045,0.7677292091889152
Roraima,1994,1,ABSTENÇÃO,25986,0.21675230214867208
Roraima,1994,1,DEMAIS,93902,0.7832476978513279
Roraima,1998,1,ABSTENÇÃO,36897,0.2162524909154847
Roraima,1998,1,DEMAIS,133723,0.7837475090845153
Roraima,2002,1,ABSTENÇÃO,33313,0.15975619113387426
Roraima,2002,1,DEMAIS,175211,0.8402438088661257
Roraima,2002,2,ABSTENÇÃO,37758,0.18107268228117626
Roraima,2002,2,DEMAIS,170766,0.8189273177188238
Roraima,2006,1,ABSTENÇÃO,34357,0.07353935855066011
Roraima,2006,1,DEMAIS,432835,0.9264606414493399
Roraima,2006,2,ABSTENÇÃO,54842,0.11738642784979195
Roraima,2006,2,DEMAIS,412350,0.8826135721502081
Roraima,2010,1,ABSTENÇÃO,37980,0.13984005655458842
Roraima,2010,1,DEMAIS,233616,0.8601599434454116
Roraima,2010,2,ABSTENÇÃO,49924,0.18381240266123716
Roraima,2010,2,DEMAIS,221679,0.8161875973387628
Roraima,2014,1,ABSTENÇÃO,37217,0.12430071039474168
Roraima,2014,1,DEMAIS,262194,0.8756992896052583
Roraima,2014,2,ABSTENÇÃO,49191,0.16428817142532706
Roraima,2014,2,DEMAIS,250228,0.835711828574673
Santa Catarina,1989,1,ABSTENÇÃO,206503,0.0756444520637265
Santa Catarina,1989,1,DEMAIS,2523413,0.9243555479362735
Santa Catarina,1989,2,ABSTENÇÃO,206503,0.0756444520637265
Santa Catarina,1989,2,DEMAIS,2523413,0.9243555479362735
Santa Catarina,2006,1,ABSTENÇÃO,580322,0.06960809596748947
Santa Catarina,2006,1,DEMAIS,7756668,0.9303919040325105
Santa Catarina,2006,2,ABSTENÇÃO,635219,0.07619284657892117
Santa Catarina,2006,2,DEMAIS,7701771,0.9238071534210789
Santa Catarina,2010,1,ABSTENÇÃO,636654,0.14033360680562468
Santa Catarina,2010,1,DEMAIS,3900064,0.8596663931943753
Santa Catarina,2010,2,ABSTENÇÃO,766246,0.16889461780463844
Santa Catarina,2010,2,DEMAIS,3770583,0.8311053821953616
Santa Catarina,2014,1,ABSTENÇÃO,796820,0.16409884235785666
Santa Catarina,2014,1,DEMAIS,4058912,0.8359011576421433
Santa Catarina,2014,2,ABSTENÇÃO,867106,0.17856564038640424
Santa Catarina,2014,2,DEMAIS,3988845,0.8214343596135958
Santa Catarina,1994,1,ABSTENÇÃO,416859,0.13203063386638542
Santa Catarina,1994,1,DEMAIS,2740431,0.8679693661336146
Santa Catarina,1998,1,ABSTENÇÃO,573108,0.16296241111620727
Santa Catarina,1998,1,DEMAIS,2943703,0.8370375888837928
Santa Catarina,2002,1,ABSTENÇÃO,516405,0.1352562903780906
Santa Catarina,2002,1,DEMAIS,3301569,0.8647437096219094
Santa Catarina,2002,2,ABSTENÇÃO,579033,0.1516597546237874
Santa Catarina,2002,2,DEMAIS,3238941,0.8483402453762127
São Paulo,1989,1,ABSTENÇÃO,1057720,0.05717102553486356
São Paulo,1989,1,DEMAIS,17443260,0.9428289744651365
São Paulo,1989,2,ABSTENÇÃO,1057720,0.05717102553486356
São Paulo,1989,2,DEMAIS,17443260,0.9428289744651365
São Paulo,1994,1,ABSTENÇÃO,2361743,0.11368202277440216
São Paulo,1994,1,DEMAIS,18413248,0.8863179772255978
São Paulo,1998,1,ABSTENÇÃO,3850497,0.16510833095993943
São Paulo,1998,1,DEMAIS,19470537,0.8348916690400606
São Paulo,2002,1,ABSTENÇÃO,4087339,0.1593159578357169
São Paulo,2002,1,DEMAIS,21568214,0.8406840421642832
São Paulo,2002,2,ABSTENÇÃO,4162264,0.16223637822189996
São Paulo,2002,2,DEMAIS,21493289,0.8377636217781
São Paulo,2006,1,ABSTENÇÃO,4265672,0.0760708472707708
São Paulo,2006,1,DEMAIS,51809318,0.9239291527292292
São Paulo,2006,2,ABSTENÇÃO,4579099,0.0816595770542655
São Paulo,2006,2,DEMAIS,51496369,0.9183404229457345
São Paulo,2010,1,ABSTENÇÃO,4979456,0.1643942402510581
São Paulo,2010,1,DEMAIS,25310267,0.8356057597489419
São Paulo,2010,2,ABSTENÇÃO,5801614,0.19153282109475916
São Paulo,2010,2,DEMAIS,24488829,0.8084671789052409
São Paulo,2014,1,ABSTENÇÃO,6242936,0.1952154861157777
São Paulo,2014,1,DEMAIS,25736781,0.8047845138842223
São Paulo,2014,2,ABSTENÇÃO,6558345,0.20507106113938656
São Paulo,2014,2,DEMAIS,25422496,0.7949289388606134
Sergipe,1989,1,ABSTENÇÃO,101011,0.13015690574702574
Sergipe,1989,1,DEMAIS,675060,0.8698430942529742
Sergipe,1989,2,ABSTENÇÃO,101011,0.13015690574702574
Sergipe,1989,2,DEMAIS,675060,0.8698430942529742
Sergipe,1994,1,ABSTENÇÃO,163619,0.17364785841489377
Sergipe,1994,1,DEMAIS,778627,0.8263521415851062
Sergipe,1998,1,ABSTENÇÃO,234205,0.21662821952424205
Sergipe,1998,1,DEMAIS,846933,0.783371780475758
Sergipe,2002,1,ABSTENÇÃO,198744,0.17313205561648634
Sergipe,2002,1,DEMAIS,949189,0.8268679443835136
Sergipe,2002,2,ABSTENÇÃO,202673,0.17655472923942425
Sergipe,2002,2,DEMAIS,945260,0.8234452707605757
Sergipe,2006,1,ABSTENÇÃO,188227,0.0724069749997115
Sergipe,2006,1,DEMAIS,2411343,0.9275930250002885
Sergipe,2006,2,ABSTENÇÃO,235797,0.09070615524875268
Sergipe,2006,2,DEMAIS,2363773,0.9092938447512473
Sergipe,2010,1,ABSTENÇÃO,240465,0.16870782567454365
Sergipe,2010,1,DEMAIS,1184869,0.8312921743254563
Sergipe,2010,2,ABSTENÇÃO,294968,0.20694295261755108
Sergipe,2010,2,DEMAIS,1130391,0.7930570473824489
Sergipe,2014,1,ABSTENÇÃO,213706,0.14701874040741691
Sergipe,2014,1,DEMAIS,1239891,0.8529812595925831
Sergipe,2014,2,ABSTENÇÃO,231229,0.15906972392619045
Sergipe,2014,2,DEMAIS,1222404,0.8409302760738095
Tocantins,1989,1,ABSTENÇÃO,146159,0.3149571176141016
Tocantins,1989,1,DEMAIS,317901,0.6850428823858984
Tocantins,1989,2,ABSTENÇÃO,146159,0.3149571176141016
Tocantins,1989,2,DEMAIS,317901,0.6850428823858984
Tocantins,1994,1,ABSTENÇÃO,204873,0.31612642402939173
Tocantins,1994,1,DEMAIS,443200,0.6838735759706083
Tocantins,1998,1,ABSTENÇÃO,125466,0.20095652396755634
Tocantins,1998,1,DEMAIS,498878,0.7990434760324436
Tocantins,2002,1,ABSTENÇÃO,161818,0.20603338184383185
Tocantins,2002,1,DEMAIS,623579,0.7939666181561682
Tocantins,2002,2,ABSTENÇÃO,225570,0.2872050695380807
Tocantins,2002,2,DEMAIS,559827,0.7127949304619192
Tocantins,2006,1,ABSTENÇÃO,160646,0.09099405479377566
Tocantins,2006,1,DEMAIS,1604810,0.9090059452062244
Tocantins,2006,2,ABSTENÇÃO,223019,0.12632373732338842
Tocantins,2006,2,DEMAIS,1542437,0.8736762626766116
Tocantins,2010,1,ABSTENÇÃO,175262,0.1848938607836642
Tocantins,2010,1,DEMAIS,772644,0.8151061392163358
Tocantins,2010,2,ABSTENÇÃO,251365,0.2651730933151041
Tocantins,2010,2,DEMAIS,696563,0.7348269066848959
Tocantins,2014,1,ABSTENÇÃO,195295,0.1960047331386952
Tocantins,2014,1,DEMAIS,801084,0.8039952668613047
Tocantins,2014,2,ABSTENÇÃO,246386,0.24727867602043377
Tocantins,2014,2,DEMAIS,750004,0.7527213239795663
